PT: Guarda,40.5844241,-7.071506899999999
PT: Guarda,40.5844241,-7.071506899999999
PT: Guarda,40.8736821,-6.9747727
PT: Guarda,40.6722911,-7.372391400000001
PT: Guarda,40.3289592,-7.209127199999999
PT: Guarda,40.3481489,-6.9001537
PT: Guarda,40.7991256,-7.4481892
PT: Guarda,40.785596,-7.4326745
PT: Guarda,40.3364909,-6.939897299999999
PT: Guarda,40.3212994,-7.054998899999999
PT: Guarda,40.37318670000001,-6.8399812
PT: Guarda,41.0656784,-7.111758999999999
PT: Guarda,40.34983270000001,-7.0161522
DZ: Tipasa,36.4664383,1.9807905
DZ: Tipasa,36.4664383,1.9807905
DZ: Tipasa,36.6806319,2.9189711
ES: Región de Murcia,38.574796,-1.3601373
ES: Región de Murcia,38.574796,-1.3601373
ES: Región de Murcia,37.72714,-1.51723
ES: Región de Murcia,38.14528,-1.95672
ES: Región de Murcia,38.041177,-2.191472
ES: Región de Murcia,38.03863860000001,-1.5698678
ES: Región de Murcia,37.7696419,-1.986064
ES: Región de Murcia,38.15594,-1.05311
ES: Región de Murcia,38.0127697,-1.8982251
ES: Región de Murcia,38.2521562,-1.9165637
ES: Región de Murcia,37.9596545,-1.8186245
ES: Región de Murcia,37.6303033,-0.6944819999999999
ES: Región de Murcia,37.8551551,-1.907271
ES: Región de Murcia,38.1629978,-1.2010637
ES: Región de Murcia,38.3452348,-1.4187222
ES: Región de Murcia,37.6389121,-1.3914663
ES: Región de Murcia,37.79737,-1.1083
ES: Región de Murcia,38.6176036,-1.4126009
ES: Región de Murcia,37.9830799,-1.3314683
ES: Región de Murcia,37.8577702,-1.9163341
ES: Región de Murcia,37.91471,-1.2038899
ES: Región de Murcia,38.1777439,-1.5073956
ES: Región de Murcia,37.58444,-0.98422
ES: Región de Murcia,37.6669068,-1.0886282
ES: Región de Murcia,37.621047,-1.5746772
ES: Región de Murcia,37.5595799,-1.74785
ES: Región de Murcia,38.36164,-1.13497
ES: Región de Murcia,37.8384258,-1.287664
ES: Comunidad Valenciana,39.66830150000001,-0.8317443999999999
ES: Comunidad Valenciana,39.66830150000001,-0.8317443999999999
ES: Comunidad Valenciana,39.2865471,-0.5873286
ES: Comunidad Valenciana,39.55337,-0.6054999999999999
ES: Comunidad Valenciana,39.9798756,0.0155078
ES: Comunidad Valenciana,39.02525,-0.18157
ES: Comunidad Valenciana,38.7857417,-0.2026316
ES: Comunidad Valenciana,38.05240999999999,-0.9022699999999999
ES: Comunidad Valenciana,39.4997592,-0.4259813
ES: Comunidad Valenciana,39.0853863,-0.2138426
ES: Comunidad Valenciana,40.0151821,-0.56783
ES: Comunidad Valenciana,39.9406934,0.0012999
ES: Comunidad Valenciana,38.5803619,-0.3939535
ES: Comunidad Valenciana,38.6213981,-0.3967579000000001
ES: Comunidad Valenciana,39.7293756,-0.230008
ES: Comunidad Valenciana,39.8236926,-1.0283465
ES: Comunidad Valenciana,39.630031,-0.6485605999999999
ES: Comunidad Valenciana,39.5830353,-0.9956725999999999
ES: Comunidad Valenciana,39.0917699,-0.4903
ES: Comunidad Valenciana,39.50901,-0.70544
ES: Comunidad Valenciana,40.2619014,-0.1539938
ES: Comunidad Valenciana,38.4479407,-0.7273607
ES: Comunidad Valenciana,39.3707987,-1.2865907
ES: Comunidad Valenciana,39.6462999,-0.22734
ES: Comunidad Valenciana,40.48603629999999,0.4898983
ES: Comunidad Valenciana,38.0904292,-0.8115606
ES: Comunidad Valenciana,39.713397,-1.2577903
ES: Comunidad Valenciana,39.59428,-0.6906099
ES: Comunidad Valenciana,39.9913096,-0.2262753
ES: Comunidad Valenciana,39.270179,-0.8206589999999999
ES: Comunidad Valenciana,38.4129174,-0.5509947
ES: Comunidad Valenciana,40.5853085,0.3650374
ES: Comunidad Valenciana,39.13301999999999,-0.5404300000000001
ES: Comunidad Valenciana,39.72101199999999,-0.1891991
ES: Comunidad Valenciana,40.3202079,0.237791
ES: Comunidad Valenciana,39.7866905,-1.171835
ES: Comunidad Valenciana,38.8716321,-0.686084
ES: Comunidad Valenciana,40.01815,-0.13724
ES: Comunidad Valenciana,39.9683139,-0.6298054
ES: Comunidad Valenciana,39.4456139,-0.987812
ES: Comunidad Valenciana,39.9697572,-0.3418313
ES: Comunidad Valenciana,38.7128317,-0.8614105999999999
ES: Comunidad Valenciana,39.65665,-0.64416
ES: Comunidad Valenciana,40.50808,0.32837
ES: Comunidad Valenciana,38.94033,-0.26461
ES: Comunidad Valenciana,39.0622297,-0.8900239999999999
ES: Comunidad Valenciana,40.15335,-0.11303
ES: Comunidad Valenciana,38.4693306,-0.5192595
ES: Comunidad Valenciana,39.0236502,-1.1143248
ES: Comunidad Valenciana,39.0499,-1.09057
ES: AL,37.6051648,-7.3907602
ES: AL,37.6051648,-7.3907602
ES: AL,37.3200502,-2.6767927
ES: AL,37.7279056,-5.5758683
ES: AL,37.1978474,-3.1454953
ES: AL,37.2889469,-5.1709339
ES: AL,38.16663,-4.61855
ES: AL,37.8136693,-4.7405537
ES: AL,38.0398685,-2.7132665
ES: AL,37.6111699,-2.4308304
ES: AL,37.05347769999999,-6.4421189
ES: AL,38.1238691,-2.8687019
ES: AL,37.4042379,-2.7855543
ES: AL,36.6331,-5.1951278
ES: AL,38.36544,-4.4249
ES: AL,38.2260065,-5.049552299999999
ES: AL,38.66285999999999,-5.14574
ES: AL,36.4281457,-5.3933225
ES: AL,37.8921063,-2.7511638
ES: AL,38.2210276,-3.2447585
ES: AL,37.3507261,-6.8175113
ES: AL,38.371762,-2.7618173
ES: AL,37.3157126,-2.2325907
ES: AL,36.8561783,-2.0864361
ES: AL,37.39758,-4.20745
ES: AL,38.4023636,-2.8383257
ES: AL,37.346704,-7.1539911
ES: AL,37.6231,-3.5259869
ES: AL,37.3417436,-5.8066093
ES: AL,37.610074,-3.6653701
ES: AL,36.61743999999999,-5.22378
ES: AL,37.10613379999999,-4.1342606
ES: AL,38.0561949,-2.944701
ES: AL,37.6273182,-7.2743286
ES: AL,37.50503,-5.718017199999999
ES: AL,37.71803999999999,-6.41824
ES: AL,36.7479559,-3.0933947
ES: AL,37.4237439,-3.3925931
ES: AL,37.0411882,-6.597871899999999
ES: AL,37.871919,-5.2710734
ES: AL,37.33768999999999,-4.25699
ES: AL,36.6928534,-5.6420208
ES: AL,36.8035788,-5.0146804
ES: AL,37.8562936,-5.4495778
ES: AL,38.3950298,-5.550820799999999
ES: AL,36.6694772,-4.4770812
ES: AL,36.5645409,-5.8703123
ES: AL,36.8926487,-1.9986546
ES: AL,36.6570104,-4.5855467
ES: AL,38.0993736,-4.6851337
ES: AL,37.1726488,-4.8155617
ES: AL,37.1825761,-1.8373764
ES: AL,37.642292,-5.868186199999999
ES: AL,37.9099042,-2.9979488
ES: AL,36.8335567,-3.9132494
ES: AL,36.6912367,-4.4952531
ES: AL,37.2006848,-5.264894099999999
ES: AL,38.0150575,-3.8668975
ES: AL,37.7684055,-4.0251909
ES: AL,37.3785123,-4.6706926
ES: AL,36.4469973,-5.8441895
ES: AL,37.847128,-2.0458678
ES: AL,38.0771054,-3.6160616
ES: AL,38.6546762,-5.1230163
ES: AL,37.9242883,-4.102142
ES: AL,37.5985972,-3.2452151
ES: AL,38.0156454,-2.5834981
ES: AL,38.1497772,-6.8341745
ES: AL,38.1587699,-2.7861589
ES: AL,36.57441000000001,-5.238889899999999
ES: AL,37.4142334,-4.160668
ES: AL,36.73901,-3.30652
ES: AL,38.0347383,-2.6498962
ES: AL,38.1797451,-5.536582900000001
ES: AL,37.61169,-4.62201
ES: AL,37.0410558,-2.8920769
ES: AL,37.1739847,-5.9662858
ES: AL,36.6075454,-5.4754828
ES: AL,37.36802120000001,-4.3324493
ES: AL,38.3000492,-4.9772954
ES: AL,36.247457,-6.0670416
ES: AL,37.564584,-2.8734416
ES: AL,37.34688,-6.59734
ES: AL,37.6932,-6.770830000000001
ES: AL,37.2664473,-3.8417166
ES: AL,36.9257374,-5.2549796
ES: AL,38.1796707,-3.57391
ES: AL,38.2805006,-4.6635174
ES: AL,36.989841,-5.506545099999999
ES: AL,36.71501,-5.19203
ES: AL,37.8483085,-4.0230128
ES: AL,36.55918,-4.95982
ES: AL,36.7729968,-2.6299521
ES: AL,38.1273139,-3.45506
ES: AL,37.0422172,-3.3199318
ES: AL,36.4882729,-4.7684373
ES: AL,37.015768,-3.3124778
ES: AL,38.30772460000001,-4.7567526
ES: AL,37.5511322,-1.9779725
ES: AL,36.31644,-6.139089999999999
ES: AL,37.1032361,-4.841355399999999
ES: AL,37.0854024,-5.0353595
ES: AL,37.61674,-4.72201
ES: AL,36.23359,-5.31553
ES: AL,37.9350123,-4.2961129
ES: AL,37.9599056,-6.297433799999999
ES: AL,37.6053575,-5.592672599999999
ES: AL,37.93537450000001,-5.5845614
ES: AL,38.507908,-4.794552899999999
ES: AL,37.1060242,-6.3603252
ES: AL,36.65085,-5.42711
ES: AL,37.2535138,-2.8574292
ES: AL,37.7361617,-5.8892975
ES: AL,36.35433,-5.36894
ES: AL,37.0753236,-3.6305618
ES: AL,37.8635391,-6.8805986
ES: AL,37.9063379,-5.6631719
ES: AL,37.6587326,-7.171590899999999
ES: AL,36.87503,-4.50586
ES: AL,37.6433294,-4.4142455
ES: AL,37.6693334,-5.683592900000001
ES: AL,37.3046017,-4.1105844
ES: AL,36.6872075,-2.7015028
ES: AL,37.6016581,-5.122408600000001
ES: AL,38.1954044,-4.8848158
ES: AL,36.35433,-5.36894
ES: AL,36.9416948,-1.9090948
ES: AL,37.0741551,-2.6748862
ES: AL,37.4104049,-6.0878632
ES: AL,37.395429,-3.6962165
ES: AL,37.4966668,-4.9307427
ES: AL,36.7072629,-6.0061615
ES: AL,37.6192223,-2.4764622
ES: AL,37.19184,-1.82074
ES: AL,37.1476691,-4.350473399999999
ES: AL,37.36668,-7.392830000000001
ES: AL,37.8643656,-5.0958687
ES: AL,37.2315376,-4.2636553
ES: AL,37.341188,-6.6950145
ES: AL,37.0060548,-6.2386133
ES: AL,37.2751192,-2.8720943
ES: AL,38.31991,-4.3996843
ES: AL,37.7234798,-6.5848094
ES: AL,37.7312169,-5.9308204
ES: AL,36.71928,-4.52792
ES: AL,36.7108482,-4.249008700000001
ES: AL,37.063151,-3.395193
ES: AL,37.3328915,-4.8989186
ES: AL,37.8808517,-5.9097295
ES: AL,36.9414243,-6.039640599999999
ES: AL,37.7404277,-2.171865
ES: AL,36.8730123,-2.6233078
ES: AL,37.8473655,-4.5889983
ES: AL,36.1365211,-5.8486669
ES: AL,37.157352,-5.2511492
ES: AL,37.949795,-2.7666086
ES: AL,37.4883754,-6.870791199999999
ES: AL,37.1112257,-1.935347
ES: AL,37.1595819,-4.301552
ES: AL,37.0100289,-5.8320754
ES: AL,37.29242,-4.18699
ES: AL,38.3539805,-4.9590901
ES: AL,37.5334903,-3.709521
ES: AL,37.8398406,-5.4081765
ES: AL,36.7835296,-3.6758232
ES: AL,37.6507419,-6.117781799999999
ES: AL,37.1980424,-6.1819791
ES: AL,38.3323345,-5.4255946
ES: AL,37.3458633,-2.9590419
ES: AL,36.41356930000001,-5.4691846
ES: AL,37.6829878,-6.2209186
ES: AL,36.988099,-4.0663379
ES: AL,37.3195505,-6.943324899999999
ES: AL,36.8904267,-6.1249924
ES: AL,37.7825365,-2.367497
ES: AL,37.7195931,-5.1848635
ES: AL,37.8921063,-2.7511638
ES: AL,37.095809,-5.663767
ES: AL,38.2358904,-3.8822693
ES: AL,37.0583565,-5.6929452
ES: AL,37.7894061,-3.8558923
ES: AL,37.68757,-5.57428
ES: AL,37.5199825,-6.0613619
ES: AL,38.1369975,-2.8413845
ES: AL,37.0427685,-6.538187199999999
ES: AL,37.1614767,-6.5799936
ES: AL,37.918002,-2.5611009
ES: AL,36.95806,-4.72582
ES: AL,36.73901,-3.30652
ES: AL,38.2073144,-4.463920799999999
ES: AL,37.3342535,-6.0079786
ES: AL,37.403934,-3.0923125
ES: AL,36.5235756,-4.628318999999999
ES: AL,36.6969027,-3.4288311
ES: AL,37.184816,-4.4360804
ES: AL,36.6362623,-4.4848111
ES: AL,37.5651,-6.5291
ES: AL,37.07908,-3.74806
ES: AL,37.9160291,-4.2561802
ES: AL,38.3292775,-4.6177949
ES: AL,37.17505,-3.11825
ES: AL,36.7841277,-6.360334099999999
ES: AL,36.3036481,-5.7964028
ES: AL,37.16419339999999,-1.9181946
ES: CL,41.7210839,-3.5120876
ES: CL,41.7210839,-3.5120876
ES: CL,41.53804969999999,-3.5650392
ES: CL,41.1319303,-5.1378907
ES: CL,41.9991977,-3.1462441
ES: CL,42.44379199999999,-6.737140000000001
ES: CL,42.3676727,-3.1518148
ES: CL,42.0688109,-5.2327503
ES: CL,40.2751168,-4.5780802
ES: CL,41.3542177,-2.8639124
ES: CL,41.2281295,-6.2659678
ES: CL,41.1608676,-3.9508734
ES: CL,40.912004,-5.1789165
ES: CL,42.9852824,-5.530774099999999
ES: CL,42.4738502,-5.3993454
ES: CL,41.1513153,-4.0249614
ES: CL,41.9314899,-5.954079999999999
ES: CL,41.3920643,-3.2876548
ES: CL,41.5349751,-3.0340336
ES: CL,40.2185684,-4.6121649
ES: CL,40.4537766,-4.6893691
ES: CL,41.4628834,-2.334825
ES: CL,42.5939357,-5.7228729
ES: CL,40.3683552,-5.720381
ES: CL,41.6851985,-5.1412514
ES: CL,41.1001931,-4.8696231
ES: CL,41.3425263,-5.4998932
ES: CL,42.1546113,-6.0834003
ES: CL,42.3103375,-6.047667700000001
ES: CL,41.8688541,-4.036709
ES: CL,42.2722197,-3.175363
ES: CL,41.4985013,-4.2052531
ES: CL,41.71722,-5.69449
ES: CL,42.01001710000001,-6.2556328
ES: CL,40.6216814,-5.165873299999999
ES: CL,42.866534,-6.0044468
ES: CL,41.2302545,-2.3337457
ES: CL,41.1904947,-6.3776589
ES: CL,42.18187959999999,-5.498972699999999
ES: CL,42.1662554,-4.5772667
ES: CL,41.2940835,-4.0098066
ES: CL,41.9219552,-5.7178895
ES: CL,40.1855496,-4.9734196
ES: CL,42.8216721,-6.6594723
ES: CL,42.4060883,-5.2079032
ES: CL,41.58704230000001,-2.952051
ES: CL,41.7138959,-2.3393955
ES: CL,42.6465887,-4.7274153
ES: CL,41.5583363,-5.4726114
ES: CL,40.4488295,-4.8600846
ES: CL,41.4906295,-4.4822161
ES: CL,42.0161814,-5.3963959
ES: CL,41.6170096,-6.120119799999999
ES: CL,43.02764029999999,-4.5197823
ES: CL,41.87162,-6.382
ES: CL,40.6718738,-4.6486876
ES: CL,42.2297662,-4.6283319
ES: CL,41.6483589,-3.2274779
ES: CL,42.2974077,-5.3299141
ES: CL,40.6092966,-5.5877816
ES: CL,42.0068291,-3.2296913
ES: CL,41.78143,-4.88327
ES: CL,42.1781186,-5.0870082
ES: CL,41.4971808,-3.389738
ES: CL,41.2255596,-5.9591074
ES: CL,41.9680663,-6.323099699999999
ES: CL,41.0576938,-6.3109079
ES: CL,41.71622,-3.14959
ES: CL,41.1592607,-6.3883282
ES: CL,41.2915114,-5.2237018
ES: CL,41.6933577,-3.9311488
ES: CL,40.3522933,-6.6159361
ES: CL,40.6295462,-5.2062817
ES: CL,42.1203437,-5.433254199999999
ES: CL,43.0048453,-3.6711202
ES: CL,41.1889335,-4.5290891
ES: CL,41.68669,-5.830089999999999
ES: CL,42.62994490000001,-4.4367744
ES: CL,41.14632539999999,-6.1867753
ES: CL,40.2747708,-5.232418399999999
ES: CL,42.0400261,-3.9584307
ES: CL,41.071095,-5.3260613
ES: CL,40.8458866,-5.6102625
ES: CL,43.0807215,-4.8560287
ES: CL,41.99416189999999,-2.9539075
ES: CL,43.047714,-3.3365673
ES: CL,40.6457089,-4.6257991
ES: CL,42.6881929,-5.6065616
ES: CL,42.8386301,-6.0895855
ES: CL,42.8508706,-4.2531498
ES: CL,42.9292413,-4.2703941
ES: CL,41.5022409,-4.5075235
ES: CL,42.3177021,-3.9378408
ES: CL,41.829641,-2.735505
ES: CL,41.5894562,-5.1138697
ES: CL,40.8110081,-5.156333
ES: CL,40.755373,-5.4308295
ES: CL,42.3103,-4.63421
ES: CL,41.77588,-5.2510066
ES: CL,40.3959908,-4.5362949
ES: CL,41.9895796,-6.1400256
ES: CL,41.9767087,-2.2925009
ES: CL,41.9356791,-3.7533691
ES: CL,42.7603191,-3.7159343
ES: CL,41.5222892,-2.4940341
ES: CL,40.8637076,-5.697626899999999
ES: CL,42.4266546,-3.5689939
ES: CL,40.9101497,-4.4736495
ES: CL,41.4987237,-3.2792444
ES: CL,41.7104907,-4.3917386
ES: CL,41.8540506,-2.6360826
ES: CL,42.62617119999999,-5.9620735
ES: CL,42.0788535,-5.5037473
ES: CL,40.70037809999999,-6.6310765
ES: CL,41.9539608,-6.717759699999999
ES: CL,42.9756752,-3.3256213
ES: CL,40.54786,-5.67009
ES: CL,42.5079033,-6.383692399999999
ES: CL,41.904625,-3.4847635
ES: CL,42.20740869999999,-5.7650118
ES: CL,42.669203,-5.4395105
ES: CL,40.402663,-4.5386662
ES: CL,41.9703306,-5.1380925
ES: CL,41.8664917,-3.6002767
ES: CL,41.2218483,-6.1578349
ES: CL,41.1043479,-5.136792600000001
ES: CL,41.0055658,-5.4566592
ES: CL,42.35748,-5.328539999999999
ES: CL,42.3851212,-4.505449599999999
ES: CL,40.8886116,-6.3347642
ES: CL,42.873648,-6.4199872
ES: CL,41.8516,-2.22426
ES: CL,41.9719614,-5.3716196
ES: CL,40.3492637,-4.6848605
ES: CL,42.7353447,-6.4424491
ES: CL,42.5313854,-5.2956896
ES: CL,41.7435501,-5.2741273
ES: CL,40.5111477,-4.655422400000001
ES: CL,42.0423744,-5.9544463
ES: CL,42.2982489,-5.6761615
ES: CL,41.4064152,-3.875034
ES: CL,41.0696018,-5.0033842
ES: CL,40.460398,-4.574409699999999
ES: CL,42.1995874,-6.7758468
ES: CL,41.4301924,-4.2774693
ES: CL,41.33291029999999,-2.3405665
ES: CL,42.0689232,-5.641807099999999
ES: CL,41.1150369,-3.6589694
ES: CL,41.9546319,-3.4605154
ES: CL,40.908705,-6.2828545
ES: CL,41.4079931,-2.9247923
ES: CL,41.9584017,-5.0933658
ES: CL,42.193281,-5.3346068
ES: CL,42.4654055,-4.9857115
ES: CL,41.30712219999999,-4.037732399999999
ES: CL,41.0666928,-6.020985400000001
ES: CL,42.0008324,-3.4825021
ES: CL,40.8019488,-4.7840004
ES: CL,42.0822323,-2.4957905
ES: CL,41.6089492,-5.4495336
ES: CL,42.5974236,-6.924916899999999
ES: CL,41.9174449,-3.7362829
ES: CL,41.2950849,-3.9165777
ES: CL,41.188028,-5.175644399999999
ES: CL,40.4381486,-6.8211062
ES: CL,41.1860912,-2.5008151
ES: CL,41.45812189999999,-6.0503794
ES: CL,41.1337004,-4.668781
ES: CL,42.9207593,-4.3288473
ES: CL,42.2824708,-5.8516701
ES: CL,42.7492004,-5.3383142
ES: CL,41.960232,-3.9418681
ES: CL,42.9413783,-5.4044181
ES: CL,42.0776393,-3.0833139
ES: CL,42.3036617,-6.304136600000001
ES: CL,40.9534173,-5.1141757
ES: CL,40.5409931,-6.022319
ES: CL,42.9903763,-4.924443699999999
ES: CL,41.4025621,-3.0389763
ES: CL,40.7442025,-4.2907281
ES: CL,41.7224466,-4.8273183
ES: CL,41.0003266,-6.387080600000001
ES: CL,42.5725825,-3.3448885
ES: CL,42.6503215,-5.1940176
ES: CL,42.4653989,-3.1698014
ES: CL,42.03429999999999,-5.7045621
ES: CL,42.8602753,-6.1582469
ES: CL,41.9637534,-2.6787357
ES: CL,42.7538369,-3.1595001
ES: CL,42.3665717,-4.2503874
ES: CL,42.7621507,-5.503147500000001
ES: CL,41.8383406,-3.950042
ES: CL,42.6994066,-4.8101047
ES: CL,42.2544847,-4.009149799999999
ES: CL,40.4470321,-6.5767653
ES: CL,41.1615566,-5.387207099999999
ES: CL,42.6808053,-6.7824757
ES: CL,41.8397003,-3.7117296
ES: CL,41.190121,-5.140501
ES: CL,41.5235762,-4.819401699999999
ES: CL,41.50736,-5.00191
ES: CL,41.3867333,-3.8659309
ES: CL,42.7779066,-5.0287944
ES: CL,42.97562,-5.381889999999999
ES: CL,40.3984306,-5.6388891
ES: CL,42.14545589999999,-6.6290556
ES: CL,42.4513208,-5.580973800000001
ES: CL,42.5172406,-5.3645451
ES: CL,42.80186,-5.61059
ES: CL,41.7873075,-6.5384473
ES: CL,42.11020500000001,-3.8274503
ES: CL,40.9869308,-3.9236072
ES: CL,40.9113252,-5.446345
ES: CL,42.7791211,-5.883411799999999
ES: CL,42.3249351,-4.7358242
ES: CL,41.2113451,-5.7921418
ES: CL,42.4424827,-4.446903799999999
ES: CL,42.7571113,-4.7996414
ES: CL,42.97562,-5.381889999999999
ES: CL,41.828243,-2.9228231
ES: CL,42.6109647,-3.0826336
ES: CL,42.1725265,-6.6099634
ES: CL,41.2521234,-4.2554738
ES: CL,42.98206,-3.93007
ES: CL,41.5024256,-2.4871136
ES: CL,41.7658995,-2.5257069
ES: CL,42.0301589,-4.7685884
ES: CL,42.6657951,-4.5587911
ES: CL,41.8846539,-3.648984
ES: CL,42.04522619999999,-4.025973
ES: CL,42.9156723,-4.655783
ES: CL,42.1340311,-4.8797377
ES: CL,40.90910650000001,-5.1059683
ES: Navarra,42.30477,-1.8531596
ES: Navarra,42.30477,-1.8531596
ES: Navarra,42.53132,-2.02411
ES: Navarra,42.6606686,-1.3725624
ES: Navarra,42.4644029,-1.0858282
ES: Navarra,43.0733898,-1.4774695
ES: Navarra,42.0189325,-1.4207522
ES: Navarra,42.4802601,-1.4126167
ES: Navarra,42.4850928,-1.8977284
ES: Navarra,42.9140228,-1.3781933
ES: Navarra,42.4632381,-1.8986078
ES: Navarra,42.0896954,-1.6471373
ES: Navarra,42.7615635,-1.0110781
ES: Navarra,42.7115467,-1.3713477
ES: Navarra,43.11846269999999,-1.9038291
ES: Navarra,42.0442712,-1.341732
ES: Navarra,42.7797044,-1.2321739
ES: Principado de Asturias,43.4996433,-6.9227561
ES: Principado de Asturias,43.4996433,-6.9227561
ES: Principado de Asturias,43.2729191,-6.6859651
ES: Principado de Asturias,43.1296886,-5.2481943
ES: Principado de Asturias,43.5421009,-6.643342
ES: Principado de Asturias,43.5645738,-6.469983999999999
ES: Principado de Asturias,43.11515199999999,-5.4818747
ES: Principado de Asturias,43.38257,-6.786709999999999
ES: Principado de Asturias,43.55478,-6.33418
ES: Principado de Asturias,43.3044,-6.73834
ES: Principado de Asturias,43.375874,-6.211441199999999
ES: Principado de Asturias,43.56487,-6.158559899999999
ES: Principado de Asturias,43.3219,-5.787560000000001
ES: Principado de Asturias,43.049495,-6.9157978
ES: Principado de Asturias,43.15304,-5.190869999999999
ES: Principado de Asturias,43.0379832,-6.2470484
ES: Principado de Asturias,43.54188,-6.89637
ES: Principado de Asturias,43.0796173,-5.6264881
ES: Principado de Asturias,43.49498,-5.296940000000001
ES: Principado de Asturias,43.5511768,-6.3722423
PT: Santarém,38.8679516,-8.2156509
PT: Santarém,38.8679516,-8.2156509
PT: Santarém,39.511421,-8.312792
PT: Santarém,39.1641628,-8.476562999999999
PT: Santarém,39.5783024,-8.563003199999999
PT: Santarém,39.7280469,-8.6281386
PT: Santarém,39.0883817,-8.339303899999999
PT: Santarém,39.5191931,-8.6792255
PT: Santarém,39.5744546,-8.1324768
PT: Santarém,39.6061597,-8.0267014
PT: Santarém,39.2887606,-8.908048800000001
PT: Santarém,39.6300555,-8.376284199999999
PT: Santarém,39.07397770000001,-8.5509898
PT: Porto,41.0838926,-8.5386591
PT: Porto,41.0838926,-8.5386591
PT: Braga,41.7747328,-8.172955500000002
PT: Braga,41.7747328,-8.172955500000002
PT: Braga,41.384187,-8.4281204
PT: Braga,41.5400348,-8.404316399999999
PT: Braga,41.5693942,-8.367625499999999
PT: Braga,41.7279175,-8.3683768
PT: Braga,41.6320453,-8.1683617
PT: Braga,41.6826322,-8.453022299999999
PT: Beja,37.7970097,-7.6169444
PT: Beja,37.7970097,-7.6169444
PT: Beja,37.9983755,-7.866974600000001
PT: Beja,38.2459402,-7.9907263
PT: Beja,38.076173,-7.4566343
PT: Beja,37.7814556,-7.607377
PT: Beja,37.6487787,-7.815491799999999
PT: Beja,38.2010717,-7.8755934
PT: Beja,38.0219526,-7.431029
PT: Beja,37.7376086,-8.8002515
PT: Beja,37.655593,-8.4777752
PT: Beja,37.8280503,-7.525843900000001
PT: Beja,37.6968032,-8.0431373
PT: Beja,38.2292455,-7.763434900000001
PT: Beja,38.139415,-7.0066364
PT: Beja,37.8270846,-7.4149465
PT: Beja,37.7122173,-7.8391972
PT: Beja,37.74784289999999,-8.4146734
PT: Beja,37.8270846,-7.4149465
PT: Beja,37.6741376,-7.9898416
PT: Beja,37.8957642,-8.2263725
PT: Beja,37.936757,-7.527506799999999
PT: Beja,37.5754923,-8.5593829
PT: Beja,37.669556,-8.7875988
PT: Beja,38.0933995,-8.1840719
PT: Beja,37.9670576,-8.1922265
PT: Coimbra,40.0875644,-8.385843099999999
PT: Coimbra,40.0875644,-8.385843099999999
PT: Coimbra,40.193012,-8.2553429
PT: Coimbra,40.3407629,-8.611864599999999
PT: Coimbra,40.1781693,-8.0144435
PT: Coimbra,40.29498630000001,-8.1823031
PT: Coimbra,40.209478,-8.8952827
PT: Coimbra,40.1570259,-8.1302737
PT: Coimbra,40.3402467,-7.9881613
PT: Coimbra,40.2246501,-7.9301024
PT: Coimbra,40.2922843,-7.9786476
PT: Coimbra,40.2047403,-8.8784017
PT: Coimbra,40.4736634,-8.7926478
PT: Coimbra,40.0894273,-8.876357100000002
PT: Coimbra,40.3060914,-7.877874299999999
PT: Coimbra,40.14321229999999,-8.4032118
PT: Castelo Branco,40.1818833,-7.624068100000001
PT: Castelo Branco,40.1818833,-7.624068100000001
PT: Castelo Branco,40.1756557,-7.4967931
PT: Castelo Branco,39.8918516,-8.0539743
PT: Castelo Branco,40.0985935,-7.6595402
PT: Castelo Branco,40.0632251,-7.6200495
PT: Castelo Branco,39.72883849999999,-7.681266600000001
PT: Castelo Branco,39.6934986,-7.431002100000001
PT: Castelo Branco,39.8043123,-7.0819736
PT: Castelo Branco,40.1200354,-7.5792069
PT: Castelo Branco,39.9889374,-7.424935199999998
PT: Castelo Branco,40.0021167,-6.9002097
PT: Castelo Branco,39.9988057,-7.519380300000001
PT: Castelo Branco,39.8357558,-7.568554199999999
PT: Castelo Branco,39.9653626,-7.8639781
PT: Castelo Branco,39.6466341,-7.730421000000001
PT: Castelo Branco,39.773965,-8.1311012
ES: Cantabria,43.2559048,-4.6836785
ES: Cantabria,43.2559048,-4.6836785
ES: Cantabria,43.19336,-4.3168
ES: Cantabria,43.2150697,-4.714246999999999
ES: Cantabria,43.2256799,-3.82145
ES: Cantabria,43.4414747,-3.9873161
ES: Cantabria,43.5036219,-3.5435117
ES: Cantabria,43.3662171,-3.5162354
ES: Cantabria,43.2703795,-4.2472653
ES: Cantabria,43.3989275,-4.3506918
ES: Cantabria,43.16599,-3.49317
ES: Cantabria,43.23708999999999,-4.03231
ES: Cantabria,43.165425,-4.8006456
ES: Cantabria,43.06525,-4.4125
FR: Midi-Pyrénées,43.3519371,0.8223016
FR: Midi-Pyrénées,43.3519371,0.8223016
FR: Midi-Pyrénées,43.5843897,1.5886108
FR: Midi-Pyrénées,43.5720907,0.2694153
FR: Midi-Pyrénées,43.4674086,2.5901227
FR: Midi-Pyrénées,43.3379635,0.4663269
FR: Midi-Pyrénées,43.268754,0.9128677
FR: Midi-Pyrénées,42.9545033,0.311116
FR: Midi-Pyrénées,43.1606979,0.4688366
FR: Midi-Pyrénées,42.915185,1.9518548
FR: Midi-Pyrénées,42.8372651,-0.1673041
FR: Midi-Pyrénées,43.18991130000001,0.6369758
FR: Midi-Pyrénées,42.8992508,1.8115626
FR: Midi-Pyrénées,42.86354830000001,1.378138
FR: Midi-Pyrénées,43.1528719,1.0528957
FR: Midi-Pyrénées,42.9659237,1.7255964
FR: Midi-Pyrénées,43.3799893,1.3268433
FR: Midi-Pyrénées,42.7100658,0.5651674999999999
FR: Midi-Pyrénées,43.63654529999999,0.4190856
FR: Midi-Pyrénées,43.2895916,0.8200651
FR: Midi-Pyrénées,43.0582443,0.8157019000000001
FR: Midi-Pyrénées,42.7725066,1.7301488
FR: Midi-Pyrénées,43.49958910000001,1.7368456
FR: Midi-Pyrénées,43.6511973,0.2002414
FR: Midi-Pyrénées,43.454741,0.09222960000000001
FR: Midi-Pyrénées,43.04948359999999,0.9027807999999999
FR: Midi-Pyrénées,43.0226375,0.3701975
FR: Midi-Pyrénées,43.4094084,1.4769687
FR: Midi-Pyrénées,43.6038029,-0.1162263
FR: Midi-Pyrénées,43.6900565,1.759758
FR: Midi-Pyrénées,43.31929760000001,0.1785991
FR: Midi-Pyrénées,43.36973529999999,0.1240006
FR: Midi-Pyrénées,43.6514884,2.3675567
FR: Midi-Pyrénées,42.8530686,-0.0982178
DZ: Tipaza,36.6632515,2.7288126
DZ: Tipaza,36.6632515,2.7288126
DZ: Tipaza,36.6697162,2.7408148
DZ: Chlef,36.3476225,0.7836985
DZ: Chlef,36.3476225,0.7836985
DZ: Chlef,36.2940345,1.248866
DZ: Chlef,36.3236412,0.8056095999999999
DZ: Chlef,36.4840038,1.0612686
DZ: Chlef,36.2681376,1.429633
PT: Évora,38.8545199,-7.581181699999999
PT: Évora,38.8545199,-7.581181699999999
PT: Évora,38.8483591,-8.397158400000002
PT: Évora,38.905353,-7.9108639
PT: Évora,38.6480997,-8.4172921
PT: Évora,38.4296376,-7.6664179
PT: Évora,38.6188594,-8.3882628
PT: Évora,38.8222697,-8.3431257
PT: Évora,38.6177307,-8.486383499999999
PT: Évora,38.7973246,-7.9265395
PT: Évora,38.6500644,-7.969526999999998
PT: Évora,38.8599636,-7.759652099999999
PT: Évora,38.6020384,-7.377653599999999
PT: Évora,38.4449962,-7.603107100000001
PT: Évora,38.630727,-7.949607699999999
PT: Évora,38.677338,-7.653050200000001
PT: Évora,38.3468445,-7.840110699999999
PT: Évora,38.49359889999999,-7.3430129
PT: Évora,38.5889803,-8.1273605
PT: Évora,38.6119145,-7.470236899999999
PT: Évora,38.3454922,-7.6187742
PT: Évora,38.4054009,-7.384564
FR: Aquitaine,43.1402148,-0.7170447
FR: Aquitaine,43.1402148,-0.7170447
FR: Aquitaine,43.4137527,-1.0925715
FR: Aquitaine,43.4632069,-0.8431906
FR: Aquitaine,43.6471822,-0.7923773
FR: Aquitaine,43.3605278,-0.0489484
FR: Aquitaine,43.3026167,-0.1568324
FR: Aquitaine,43.48252110000001,-1.2106244
FR: Aquitaine,43.0367468,-0.8222541999999999
FR: Aquitaine,42.9010702,-0.6266322999999999
FR: Aquitaine,43.0694123,-1.2966502
FR: Aquitaine,43.0696307,-0.5365424
FR: Aquitaine,43.5518751,-0.2540624
FR: Aquitaine,43.1417965,-0.5040433
FR: Aquitaine,43.4490303,-1.0823791
FR: Aquitaine,43.6758159,-1.0085558
FR: Aquitaine,43.6895627,-1.3147234
FR: Aquitaine,43.3261072,-0.1521877
FR: Aquitaine,43.1119332,-0.2707684
FR: Aquitaine,43.6959828,-1.1194816
FR: Aquitaine,43.0978698,-1.1860087
FR: Aquitaine,43.3646605,-0.0398359
DZ: Wilaya de Relizane,36.1351769,0.8177502
DZ: Wilaya de Relizane,36.1351769,0.8177502
FR: Languedoc-Roussillon,43.3008289,1.814781
FR: Languedoc-Roussillon,43.3008289,1.814781
FR: Languedoc-Roussillon,42.6200521,2.8661007
FR: Languedoc-Roussillon,43.1024704,2.3787116
FR: Languedoc-Roussillon,42.98383640000001,2.4446354
FR: Languedoc-Roussillon,43.1821474,2.6711676
FR: Languedoc-Roussillon,43.5184781,3.1490476
FR: Languedoc-Roussillon,42.99629410000001,2.9081866
FR: Languedoc-Roussillon,43.27181460000001,2.5769715
FR: Languedoc-Roussillon,43.3671569,3.0323127
FR: Languedoc-Roussillon,43.0761641,2.7233183
FR: Languedoc-Roussillon,42.5355573,2.981441
FR: Languedoc-Roussillon,43.0126096,3.0623951
FR: Languedoc-Roussillon,43.2499112,2.1209035
FR: Languedoc-Roussillon,43.540312,2.6772782
FR: Languedoc-Roussillon,42.6373812,3.0337657
FR: Languedoc-Roussillon,43.0830209,2.4418711
FR: Languedoc-Roussillon,42.7828149,2.7559896
FR: Languedoc-Roussillon,43.192138,2.6161626
FR: Languedoc-Roussillon,43.15436649999999,2.2857558
FR: Languedoc-Roussillon,42.4694879,2.2945304
FR: Languedoc-Roussillon,43.2820533,2.1592835
FR: Languedoc-Roussillon,42.9316562,2.7917072
FR: Languedoc-Roussillon,42.9898049,3.0089308
FR: Languedoc-Roussillon,42.54889259999999,2.0055852
FR: Languedoc-Roussillon,43.3583154,2.2490947
FR: Languedoc-Roussillon,42.8726205,2.5256475
FR: Languedoc-Roussillon,43.1748883,2.1636094
FR: Languedoc-Roussillon,43.3832475,2.9575301
ES: GA,42.3546237,-7.6341467
ES: GA,42.3546237,-7.6341467
ES: GA,42.8931304,-7.2238674
ES: GA,42.2006404,-7.2461461
ES: GA,43.1658801,-8.263658099999999
ES: GA,42.5321011,-7.2065927
ES: GA,41.9835164,-7.9140149
ES: GA,41.9206466,-8.14548
ES: GA,42.390716,-6.9994421
ES: GA,42.65096,-7.821069999999999
ES: GA,43.4213257,-8.241537700000002
ES: GA,43.3688577,-7.7646933
ES: GA,43.1870598,-8.6539983
ES: GA,41.99324,-8.87894
ES: GA,43.0912077,-8.894006899999999
ES: GA,42.4222717,-7.171071599999999
ES: GA,42.5224086,-7.4143639
ES: GA,43.34409,-7.36924
ES: GA,42.10393,-8.13567
ES: GA,43.09126879999999,-7.313539
ES: GA,42.22076999999999,-8.4627199
ES: GA,42.18134,-7.86414
ES: GA,42.32653,-7.94307
ES: GA,41.91067049999999,-7.275595200000001
ES: GA,42.06725,-7.80607
ES: GA,41.9697646,-7.9694391
ES: GA,42.8891298,-7.501144200000001
ES: GA,41.9430572,-7.570464400000001
ES: GA,43.10814,-8.21715
ES: GA,41.9575304,-7.807138300000001
ES: GA,43.11562,-8.273230000000002
ES: GA,42.2028455,-7.8701956
ES: GA,42.86042,-7.28668
ES: GA,41.8154019,-8.1268114
ES: GA,43.2138898,-8.0867857
ES: GA,42.0256052,-7.547948799999999
ES: GA,43.03353000000001,-7.659549999999999
ES: GA,43.1907217,-9.1326521
ES: GA,43.1645129,-9.0202081
ES: GA,42.1786129,-8.2754193
ES: GA,42.1089354,-8.3584076
ES: GA,42.813,-8.29265
ES: GA,42.68495,-7.565759999999999
ES: GA,43.6555872,-7.406597199999999
ES: GA,42.18162,-8.47659
ES: GA,42.22209489999999,-7.8519063
ES: GA,42.959077,-9.014831700000002
ES: GA,42.3633062,-8.1853113
ES: GA,42.485,-7.1538
ES: GA,42.67637,-8.66337
ES: GA,42.9720509,-7.687998100000001
ES: GA,43.11117,-9.12271
ES: GA,41.98862159999999,-7.162226700000001
ES: GA,43.13530100000001,-7.7991262
ES: GA,42.7012093,-9.020770299999999
ES: GA,42.5240524,-9.0350206
ES: GA,43.0692499,-7.54596
ES: GA,42.4685355,-9.0098767
ES: GA,42.09353,-8.33049
ES: GA,43.58171000000001,-8.048670000000001
ES: GA,42.8067,-7.31975
ES: GA,42.34476000000001,-8.24004
ES: GA,43.3583396,-8.8393833
ES: GA,43.06402,-7.30958
ES: GA,43.4384615,-7.5525344
ES: GA,43.5999325,-7.3670514
ES: GA,42.57527,-8.425889999999999
ES: GA,43.54066,-8.093589999999999
ES: GA,42.57736209999999,-7.590871399999999
ES: GA,43.3271478,-8.380111099999999
ES: GA,42.9868684,-9.0546194
ES: GA,43.183053,-8.6985476
ES: GA,41.9700059,-7.4492799
ES: GA,43.0468488,-7.765268099999999
ES: GA,41.9473399,-7.20144
ES: GA,43.6582134,-7.3511593
ES: GA,42.9775497,-8.973751199999999
ES: GA,42.84338,-7.672359999999999
ES: GA,42.86863,-7.887069999999999
ES: GA,42.9804497,-8.381518
DZ: Blida,36.3949111,2.8081726
DZ: Blida,36.3949111,2.8081726
DZ: Blida,36.57625150000001,2.9797169
DZ: Blida,36.4735461,2.7823204
DZ: Blida,36.5689739,2.8618182
DZ: Blida,36.4832911,2.8517072
ES: Comunidad de Madrid,40.28503,-3.7673
ES: Comunidad de Madrid,40.28503,-3.7673
ES: Comunidad de Madrid,40.23919,-4.52246
ES: Comunidad de Madrid,40.64194,-3.6669
ES: Comunidad de Madrid,40.55121,-4.0447
ES: Comunidad de Madrid,40.8808466,-3.603747
ES: Comunidad de Madrid,40.2918559,-4.3570671
ES: Comunidad de Madrid,41.03214819999999,-3.5269232
ES: Comunidad de Madrid,40.4257742,-3.5584122
ES: Comunidad de Madrid,40.1690882,-3.2087712
ES: Comunidad de Madrid,40.83716,-3.57727
ES: Comunidad de Madrid,40.5690362,-4.2672124
ES: Comunidad de Madrid,40.77008,-4.06452
ES: Comunidad de Madrid,40.22796170000001,-3.7659531
ES: Comunidad de Madrid,40.5084692,-3.5973024
ES: Comunidad de Madrid,40.3396041,-4.41879
ES: Comunidad de Madrid,40.7086508,-3.5244449
ES: Comunidad de Madrid,40.96995099999999,-3.5846024
ES: Comunidad de Madrid,40.5857699,-3.70938
ES: Comunidad de Madrid,41.0485401,-3.6070278
ES: Comunidad de Madrid,40.050477,-3.5509479
ES: Comunidad de Madrid,40.0690377,-3.1413111
ES: Comunidad de Madrid,40.2550083,-3.989119
PT: Setúbal,38.17043040000001,-8.4516443
PT: Setúbal,38.17043040000001,-8.4516443
PT: Setúbal,38.0158008,-8.7893826
PT: Setúbal,38.4778265,-8.6691547
PT: Setúbal,37.9938041,-8.665173099999999
PT: Setúbal,38.3190159,-8.6877435
PT: Setúbal,38.6595467,-8.6248075
PT: Setúbal,38.2444869,-8.3449971
PT: Setúbal,38.4474515,-8.5110245
PT: Setúbal,38.54148050000001,-8.891629199999999
PT: Setúbal,37.93755489999999,-8.674237
PT: Setúbal,38.7056463,-8.9932625
PT: Setúbal,38.0466079,-8.8151228
PT: Setúbal,38.412063,-8.7529574
PT: Setúbal,38.1790557,-8.769561999999999
PT: Setúbal,38.4497092,-9.0841599
PT: Setúbal,38.0726295,-8.6881949
PT: Setúbal,38.2599757,-8.589838799999999
PT: Setúbal,38.395374,-8.3402422
PT: Leiria,39.8257573,-8.3471795
PT: Leiria,39.8257573,-8.3471795
PT: Leiria,39.4709994,-9.106291599999999
PT: Leiria,39.795788,-8.8293243
PT: Leiria,39.7949433,-9.008963999999999
PT: Leiria,39.6047497,-9.0840067
PT: Leiria,39.5189305,-9.1426146
PT: Leiria,39.5446161,-8.8680836
PT: Leiria,39.3969939,-9.013135799999999
PT: Leiria,39.4092835,-9.149769299999999
DZ: Mostaganem,36.0643041,0.4570122
DZ: Mostaganem,36.0643041,0.4570122
DZ: Mostaganem,36.2865845,0.7524938
ES: PV,43.0303479,-2.7736197
ES: PV,43.0303479,-2.7736197
ES: PV,43.0821975,-2.717806
ES: PV,43.1979268,-2.4583451
ES: PV,43.1940286,-2.1091323
ES: PV,42.9135376,-2.4329269
ES: PV,43.26155,-3.33902
ES: PV,42.975444,-2.1661442
ES: PV,42.6645299,-2.7020112
ES: PV,43.0641032,-2.7703274
ES: PV,43.1011792,-3.0131456
ES: PV,42.63447120000001,-2.7118234
ES: PV,42.9282551,-2.6742859
ES: PV,43.2436271,-2.0701492
ES: PV,43.3765927,-2.5130253
ES: PV,42.84704319999999,-2.9930952
ES: PV,43.0687831,-2.4808919
ES: PV,43.3766069,-3.0036417
ES: PV,42.96805,-2.97937
ES: PV,43.3195149,-2.4042041
ES: PV,42.8545964,-2.8701671
ES: PV,43.19755500000001,-2.4554189
ES: PV,43.3465665,-2.9274836
ES: PV,43.3271317,-1.9891859
ES: PV,43.21263280000001,-2.3173471
ES: PV,42.8927244,-2.2570862
ES: PV,43.3038645,-2.3625029
ES: PV,43.30086,-2.2433
ES: PV,43.3765927,-2.5130253
PT: Viseu,40.6152031,-8.0428485
PT: Viseu,40.6152031,-8.0428485
PT: Viseu,40.4746453,-7.9265295
PT: Viseu,40.937932,-8.1002666
PT: Viseu,41.1755542,-7.499317899999999
PT: Viseu,40.4263483,-8.0341719
PT: Viseu,40.5830279,-7.8878081
PT: Viseu,40.5938084,-8.2808416
PT: Viseu,40.7945621,-8.2241705
PT: Viseu,40.6455252,-7.7947465
PT: Lisboa,39.0259312,-9.0526796
PT: Lisboa,39.0259312,-9.0526796
ES: PM,38.89876,1.21479
ES: PM,38.89876,1.21479
ES: PM,39.5250738,2.3877624
ES: PM,39.8497824,2.7990733
ES: PM,39.5742199,2.30451
ES: PM,39.4146164,2.7419717
ES: PM,39.5742199,2.30451
ES: PM,39.15167,2.93627
ES: PM,39.3727917,2.7813788
ES: PM,39.57509,2.75506
ES: PM,39.15167,2.93627
ES: PM,39.70339,2.56724
ES: PM,39.5644599,2.79147
ES: PM,38.95871,1.21663
ES: PM,39.46350049999999,2.5090512
ES: PM,39.5765,3.07991
ES: PM,38.8978089,1.4170129
ES: PM,39.5846909,2.6220962
ES: PM,39.5742199,2.30451
ES: PM,39.632869,2.426452400000001
ES: CM,40.0234423,-1.6076985
ES: CM,40.0234423,-1.6076985
ES: CM,38.958775,-3.6174956
ES: CM,38.5882999,-2.31013
ES: CM,39.8095811,-2.807287
ES: CM,40.1121174,-1.5849438
ES: CM,39.5231894,-1.9696062
ES: CM,38.967114,-3.3173956
ES: CM,40.2768419,-2.3736602
ES: CM,39.9698207,-2.5384289
ES: CM,40.34464,-2.5156497
ES: CM,38.69469540000001,-2.9304526
ES: CM,40.1505075,-1.7263555
ES: CM,40.97639030000001,-2.7311147
ES: CM,40.6729294,-1.918138
ES: CM,38.4164423,-4.3130415
ES: CM,40.0972038,-4.5751577
ES: CM,39.8523272,-3.9309216
ES: CM,40.58757,-2.38013
ES: CM,40.9008487,-2.4010268
ES: CM,40.5666654,-2.7474741
ES: CM,38.9161833,-3.4241767
ES: CM,40.2582644,-1.7352329
ES: CM,38.8863195,-4.820434
ES: CM,40.18145,-4.73876
ES: CM,40.59046,-3.2849
ES: CM,38.4554329,-4.2309066
ES: CM,39.5414944,-4.4356915
ES: CM,40.0402075,-1.60839
ES: CM,38.9786089,-1.4744823
ES: CM,38.4577,-1.76401
ES: CM,38.5894339,-3.3385765
ES: CM,40.32069,-2.222004
ES: CM,40.5476391,-3.0168894
ES: CM,38.8474533,-3.8583691
ES: CM,40.0318335,-1.8687273
ES: CM,39.4330949,-1.8110236
ES: CM,39.5164986,-2.2059909
ES: CM,38.9900191,-1.6660773
ES: CM,39.7113997,-2.2586017
ES: CM,38.6576602,-2.3989227
ES: CM,38.4990143,-4.1302391
ES: CM,40.6419931,-1.8138764
ES: CM,39.0430148,-1.4001769
ES: CM,40.2937096,-2.7859991
ES: CM,38.944912,-4.5784084
ES: CM,38.9052561,-2.8494894
ES: CM,40.7917722,-2.0712638
ES: CM,39.3633381,-1.9116479
ES: CM,40.4918058,-2.8539397
ES: CM,39.89754980000001,-2.3540799
ES: CM,39.875972,-4.4525475
ES: CM,40.401595,-2.4958063
ES: CM,40.897073,-2.8741682
ES: CM,41.0439349,-2.0893081
ES: CM,40.1693503,-2.2795679
ES: CM,40.3175202,-2.6772193
ES: CM,40.1090297,-2.0899684
ES: CM,39.6513561,-2.3400171
ES: CM,39.8661877,-1.266428
ES: CM,41.0228152,-2.4701894
ES: CM,41.0892473,-2.8144131
ES: CM,38.5348249,-2.8469881
ES: CM,39.1009456,-1.5448875
ES: CM,39.1366405,-4.0216182
ES: CM,40.6782066,-3.2017237
ES: CM,40.3075043,-2.3721298
ES: CM,39.0100176,-1.4380412
ES: CM,38.6065698,-3.2935207
ES: CM,39.9230627,-3.2835219
ES: CM,38.4105747,-2.3463205
ES: CM,39.1885601,-1.3443912
ES: CM,40.968326,-3.0672718
ES: CM,38.5362774,-3.8825301
ES: CM,39.3825414,-3.2017737
ES: CM,39.671154,-2.0002666
ES: CM,40.8813604,-2.8536701
ES: CM,38.8068077,-4.4037552
ES: CM,40.0457519,-4.741122799999999
ES: CM,39.2739406,-2.8656355
ES: CM,39.3534394,-2.670891
ES: CM,40.0442743,-2.30433
ES: CM,39.3185412,-3.344612
ES: CM,39.5448704,-5.0873262
ES: CM,39.1583145,-3.2446729
ES: CM,39.6387386,-1.4331817
ES: CM,39.1185653,-2.8805249
ES: CM,39.5582727,-3.7005238
ES: CM,39.517522,-1.966986
ES: CM,38.6629893,-3.6577236
ES: CM,40.9974715,-2.8768878
ES: CM,39.2573954,-1.850793
ES: CM,38.8280998,-2.214449
ES: CM,38.4635663,-3.7713423
ES: CM,40.7685909,-1.8352267
ES: CM,39.1663092,-3.013988
ES: CM,39.4723845,-3.6992159
ES: CM,39.14465939999999,-4.7533945
ES: CM,38.517432,-2.8019274
ES: CM,40.5835442,-2.7881297
ES: CM,39.7754425,-4.8192673
ES: CM,39.3693278,-3.6244773
ES: CM,41.0384806,-3.1549911
ES: CM,40.00161,-4.3183299
ES: CM,38.91017129999999,-2.7593334
ES: CM,39.6185972,-3.8191711
ES: CM,38.98581250000001,-3.789575
ES: CM,40.6264707,-3.1342621
ES: CM,39.9646993,-1.2212994
ES: CM,40.0476322,-4.3909055
ES: CM,38.8190169,-2.3999732
ES: CM,39.919764,-4.0931294
ES: CM,39.9036207,-2.0865266
ES: CM,40.8628933,-3.1064608
ES: CM,38.6452401,-3.6391503
ES: CM,39.089378,-1.4984381
ES: CM,40.4625248,-2.1764276
ES: CM,40.731056,-2.7521163
ES: CM,40.9332425,-2.6700922
ES: CM,38.5773832,-3.7357049
ES: CM,38.8010315,-1.8972202
ES: CM,40.87598,-3.1858399
ES: CM,39.9962175,-2.6824098
ES: CM,39.0745597,-1.9974847
ES: CM,39.717192,-1.7925396
ES: CM,40.040494,-3.9727268
ES: CM,38.8991053,-3.7807558
ES: CM,40.1238582,-3.8472053
ES: CM,40.0375675,-4.322136299999999
ES: CM,38.5562924,-2.7290781
ES: CM,40.7211382,-2.5824653
ES: CM,39.817192,-3.9586341
ES: CM,38.72605069999999,-4.5951165
ES: CM,39.0367385,-2.6039489
ES: CM,39.29018569999999,-4.1925757
ES: CM,38.9041903,-4.5686196
ES: CM,39.1719037,-2.3059418
ES: CM,38.3181886,-2.2712971
ES: CM,39.7152989,-1.945488
ES: CM,38.6559663,-3.9297807
ES: CM,40.143533,-1.61672
ES: CM,39.84520089999999,-4.2558878
ES: CM,38.9921349,-4.271044400000001
ES: CM,39.1611196,-2.7657897
ES: CM,39.4648558,-4.9407801
ES: CM,38.6650787,-2.9518053
ES: CM,39.6532156,-3.1322109
ES: CM,39.497857,-2.4627037
ES: CM,38.6967714,-2.9212093
ES: CM,40.2924255,-2.7056133
ES: CM,41.1090656,-1.9586072
ES: CM,39.5569701,-5.005393499999999
ES: CM,38.3171928,-1.9420918
ES: CM,38.8242844,-3.433954
ES: CM,40.7640848,-2.9255803
ES: CM,39.4449061,-4.082732099999999
ES: CM,40.6493401,-1.6693443
ES: CM,39.33795,-3.92534
ES: CM,40.1404218,-3.9322398
ES: CM,39.8473468,-1.3168357
ES: CM,38.5677258,-2.9870651
ES: CM,39.9005551,-4.5801944
ES: CM,40.8825264,-3.2432298
ES: CM,39.9493973,-3.6294061
ES: CM,40.96565409999999,-2.077232
ES: CM,41.1212746,-2.6819298
ES: CM,38.9996265,-2.8490226
ES: CM,40.9779144,-2.6530972
ES: CT,41.5056576,1.0554219
ES: CT,41.5056576,1.0554219
ES: CT,41.7351092,1.7566026
ES: CT,42.2937142,2.2547614
ES: CT,41.3847227,0.8765866000000001
ES: CT,41.9010195,2.6606579
ES: CT,42.02865,1.88017
ES: CT,41.5143995,1.8068172
ES: CT,42.0864408,1.4089401
ES: CT,42.6358001,0.9678000999999999
ES: CT,42.08040769999999,2.5183315
ES: CT,41.2333127,1.8267884
ES: CT,41.5495724,2.4657793
ES: CT,42.4952566,1.3659662
ES: CT,41.89144,2.89389
ES: CT,42.7551183,0.9140041999999999
ES: CT,41.6093535,1.8593487
ES: CT,41.4399885,1.6845767
ES: CT,41.2810489,1.2188444
ES: CT,42.27222039999999,1.8511062
ES: CT,41.9083228,1.0286671
ES: CT,42.04272,1.88629
ES: CT,41.25281820000001,1.0566139
ES: CT,41.62258,2.69503
ES: CT,42.0548799,1.7575757
ES: CT,42.4476994,1.7017859
ES: CT,41.6597099,2.18526
ES: CT,41.5836439,1.5934297
ES: CT,40.9109619,0.8022009
ES: CT,41.14076,1.36612
ES: CT,42.36631999999999,0.89943
ES: CT,41.8392972,0.9693752
ES: CT,42.08410010000001,1.2991521
ES: CT,41.7986016,2.8430301
ES: CT,42.257756,2.6479596
ES: CT,42.1368882,2.2592956
ES: CT,41.54913490000001,1.8317863
ES: CT,40.5807409,0.6972492
ES: CT,40.6469352,0.6128752
ES: CT,41.1239599,1.28823
ES: CT,41.8964762,0.9372836999999999
ES: CT,41.3423753,2.1463745
ES: CT,42.1533252,1.1083742
ES: CT,41.3570083,1.9847007
ES: CT,42.3221396,1.6356191
ES: CT,42.4052376,0.8115332
ES: CT,41.02328720000001,0.5097512
ES: CT,41.1791,1.09974
ES: CT,41.16053720000001,0.4048688
ES: CT,41.1653157,1.2840878
ES: CT,41.7785518,1.2897935
ES: CT,41.58327,0.6462099
ES: CT,41.576298,2.076216
ES: CT,41.53329,0.87575
ES: CT,41.14049,0.99078
ES: CT,41.9853151,2.0959206
ES: CT,41.8431639,0.7246016
ES: CT,41.3240693,0.4219607
ES: CT,42.32778,1.41701
ES: CT,41.1743499,1.49866
ES: CT,42.1549791,1.1959484
ES: CT,42.2234184,1.8141476
ES: CT,41.12399,0.4855966
ES: CT,41.3660848,1.3488646
ES: CT,41.4951427,0.6869729
ES: CT,42.1916466,2.3842322
ES: CT,41.78867289999999,2.143312400000001
ES: CT,41.14720639999999,0.9060174999999999
ES: CT,42.2362222,2.6879876
ES: CT,41.8240264,3.0580379
ES: CT,41.8225827,2.3411471
ES: CT,41.3623431,1.3080852
ES: CT,42.2943569,1.3136276
ES: CT,41.26003,1.49081
ES: CT,40.6383344,0.3028231
ES: CT,41.2477221,0.9708450999999999
ES: CT,42.1380699,1.1756837
ES: CT,41.24576829999999,1.0656364
ES: CT,41.4304673,1.4609886
ES: CT,42.6884104,1.2361398
ES: CT,41.707471,2.8973284
ES: CT,42.23302,1.6345197
ES: CT,42.08845480000001,2.1406982
ES: CT,40.7121571,0.7965479999999999
ES: CT,41.8547981,1.1870213
ES: CT,41.2169392,1.5882346
ES: CT,42.3138626,2.0777352
ES: CT,42.0960671,1.3455229
ES: CT,41.64843390000001,2.7722324
ES: CT,41.37921,1.42036
ES: CT,41.1991574,1.6123313
ES: CT,41.2728682,0.8732687
ES: CT,41.0726406,0.9756391000000001
ES: CT,42.0531263,1.592737
PT: Faro,37.0188119,-7.954303999999999
PT: Faro,37.0188119,-7.954303999999999
PT: Faro,37.0619253,-8.911921
PT: Faro,37.0851153,-8.6809303
PT: Faro,37.1776698,-8.5385273
PT: Faro,37.1370712,-7.595252599999999
PT: Faro,37.1190863,-8.577356199999999
PT: Faro,37.1337173,-8.869178999999999
PT: Faro,37.4926762,-7.672352399999999
PT: Faro,37.0239068,-8.9943785
PT: Faro,37.0538903,-7.9265854
PT: Faro,37.040833,-8.048157699999999
PT: Faro,37.3446735,-7.580322499999999
PT: Faro,37.50992979999999,-7.5088534
PT: Faro,37.3142533,-7.955915999999999
PT: Faro,37.1167131,-7.6294014
PT: Faro,37.1180023,-8.5750995
PT: Faro,37.38428469999999,-8.6488591
PT: Faro,37.0741186,-8.2869154
PT: Faro,37.33945569999999,-8.8536647
PT: Faro,37.0851153,-8.6809303
PT: Portalegre,39.1636464,-7.871041900000001
PT: Portalegre,39.1636464,-7.871041900000001
PT: Portalegre,39.5207075,-7.487414299999998
PT: Portalegre,38.8673842,-7.1851135
PT: Portalegre,39.4109286,-7.416176699999999
PT: Portalegre,39.0463779,-8.0999673
PT: Portalegre,39.3049404,-7.311273399999999
PT: Portalegre,38.982687,-7.7420328
PT: Portalegre,39.2402328,-7.641908199999999
PT: Portalegre,39.4372358,-7.571601100000001
PT: Portalegre,39.035168,-7.3328527
DZ: Médéa,36.1574573,2.9462577
DZ: Médéa,36.1574573,2.9462577
DZ: Médéa,36.2465812,2.9387205
DZ: Médéa,36.1908526,2.9185047
DZ: Médéa,36.243615,2.624643
DZ: Médéa,36.3393001,2.9487828
PT: Vila Real,41.3793121,-7.957085699999999
PT: Vila Real,41.3793121,-7.957085699999999
PT: Vila Real,41.66331599999999,-7.6925347
PT: Vila Real,41.3007676,-7.526175200000001
PT: Vila Real,41.7458696,-7.2011385
PT: Vila Real,41.51401509999999,-7.4008039
PT: Vila Real,41.2379659,-7.8602528
ES: EX,40.252474,-5.926207199999999
ES: EX,40.252474,-5.926207199999999
ES: EX,38.9876308,-5.6072434
ES: EX,40.0723786,-6.1750338
ES: EX,39.1360873,-5.867392199999999
ES: EX,39.8819718,-6.594920999999999
ES: EX,39.5474456,-6.008730799999999
ES: EX,39.1338677,-4.9878391
ES: EX,38.6847194,-6.4920889
ES: EX,39.3576406,-5.2974065
ES: EX,38.9675714,-4.9917202
ES: EX,39.4275634,-5.551442499999999
ES: EX,39.4713,-5.0592219
ES: EX,38.72192,-5.1998
ES: EX,38.8908538,-6.6351846
ES: EX,40.2369839,-5.7620515
ES: EX,40.1529535,-5.657229
ES: EX,39.29406470000001,-4.9433874
ES: EX,40.2948863,-6.2540439
ES: EX,39.5815351,-6.8753555
ES: EX,38.9387361,-5.0735329
ES: EX,39.171167,-5.7949785
ES: EX,39.6766115,-5.689426999999999
ES: EX,38.374611,-6.9400928
ES: EX,38.3491821,-6.966113999999999
ES: EX,39.5528526,-5.9684722
ES: EX,38.5107203,-5.952456
ES: EX,38.9639221,-5.0107665
ES: EX,40.2191835,-6.1255979
ES: EX,39.3520347,-7.065807599999999
ES: EX,38.4559919,-7.036758099999999
ES: EX,40.1309037,-6.6481479
ES: EX,38.864972,-6.5488661
ES: EX,39.5080026,-6.801735
ES: EX,38.2578503,-6.2350644
ES: EX,40.1983976,-6.077698499999999
ES: EX,40.1236338,-5.6104774
ES: EX,39.3225446,-7.1769275
ES: EX,39.6084774,-7.1021006
ES: EX,39.3493411,-6.608287
ES: EX,39.4234066,-5.3579971
ES: EX,39.2796844,-7.183191199999999
ES: EX,39.84982670000001,-6.0019117
ES: EX,39.582265,-6.8252391
ES: EX,38.5756288,-6.5177587
ES: EX,39.6639277,-6.9456031
ES: EX,39.80641,-6.9466595
ES: EX,39.2118777,-5.9853833
ES: EX,40.1580449,-6.696176899999999
ES: EX,40.2627907,-6.0127505
ES: EX,39.5687299,-7.1066841
ES: EX,39.56524,-6.14824
ES: EX,40.0959458,-6.5978678
ES: EX,38.5346507,-7.115219700000001
ES: EX,40.354574,-6.312016499999999
ES: EX,39.3803791,-6.2624491
ES: EX,39.8863444,-5.4652034
ES: EX,38.5721436,-6.372502000000001
ES: EX,39.8992851,-6.8158119
ES: EX,39.171171,-6.156323
ES: EX,38.8955151,-5.7927054
ES: EX,38.8871743,-5.3728492
ES: EX,38.52067359999999,-6.602695
ES: EX,38.0567617,-6.5019943
ES: EX,39.9943344,-5.919858199999999
ES: EX,38.787539,-6.6951281
ES: EX,39.1398033,-6.8163512
ES: EX,38.8149704,-5.5904384
ES: EX,39.4854834,-6.1527261
ES: EX,39.4552235,-6.482919000000001
ES: EX,38.5295738,-6.7889613
ES: EX,39.0685762,-6.4840141
ES: EX,38.61962,-5.81362
ES: EX,39.8638997,-5.6049504
ES: EX,38.34319,-5.696479999999999
ES: EX,38.6752531,-5.9583422
ES: EX,39.6547484,-6.7157437
ES: EX,39.9899292,-5.6025715
ES: EX,39.2082637,-6.7493393
ES: EX,39.3998277,-4.739253199999999
ES: EX,38.9512199,-6.3558306
ES: EX,38.985959,-6.0217956
ES: EX,38.100539,-6.204834099999999
ES: La Rioja,42.3556907,-2.3169841
ES: La Rioja,42.3556907,-2.3169841
ES: La Rioja,42.185329,-2.6502359
ES: La Rioja,42.1840727,-2.8038165
ES: La Rioja,42.3418453,-2.5223097
ES: La Rioja,42.4169399,-2.10894
ES: La Rioja,42.2520242,-3.047201
ES: La Rioja,42.5511822,-2.8550432
ES: La Rioja,42.1284498,-2.4816958
ES: La Rioja,42.5454103,-3.0468316
PT: Aveiro,40.9745121,-8.2127763
PT: Aveiro,40.9745121,-8.2127763
PT: Aveiro,40.8932655,-8.274992
PT: Aveiro,40.7574316,-8.3891291
PT: Aveiro,40.6431764,-8.728960599999999
PT: Aveiro,40.4077505,-8.4885257
PT: Aveiro,40.6435566,-8.747293599999999
PT: Aveiro,40.679081,-8.7251078
PT: Aveiro,40.56523,-8.4743329
PT: Aveiro,40.789849,-8.5979037
PT: Aveiro,40.5658457,-8.3677377
ES: Aragón,42.58669,0.34819
ES: Aragón,42.58669,0.34819
ES: Aragón,41.3441014,-1.968281
ES: Aragón,42.5195864,0.4677087
ES: Aragón,42.6842267,0.6176914
ES: Aragón,41.9769236,-1.8392707
ES: Aragón,40.8184343,-0.2725008
ES: Aragón,42.5082491,-1.1010523
ES: Aragón,40.6724599,-1.4350402
ES: Aragón,40.99591119999999,-1.1436931
ES: Aragón,41.3200461,-0.2068143
ES: Aragón,42.09681,-0.7459100000000001
ES: Aragón,42.6062442,0.0125305
ES: Aragón,41.4086952,-0.5906262
ES: Aragón,42.5762549,0.2318977
ES: Aragón,42.482361,-1.1504941
ES: Aragón,40.9064079,-0.5168687
ES: Aragón,41.8333369,0.1939359
ES: Aragón,41.5140319,-0.6482327
ES: Aragón,41.487283,-1.1443362
ES: Aragón,41.5750673,-1.2833376
ES: Aragón,40.39238539999999,-1.5984626
ES: Aragón,41.7386458,0.0143039
ES: Aragón,41.4643795,0.0244817
ES: Aragón,41.2090437,-1.2602502
ES: Aragón,42.2564,0.68163
ES: Aragón,40.9561239,-1.6197086
ES: Aragón,41.8918773,-1.6703423
ES: Aragón,42.234925,-0.9031245000000001
ES: Aragón,42.5778602,0.5591708
ES: Aragón,41.75301959999999,-1.4929197
ES: Aragón,40.6535509,-0.6350022
ES: Aragón,41.8677601,-1.5152177
ES: Aragón,42.4514139,0.6194417999999999
ES: Aragón,40.7351401,-1.179239
ES: Aragón,41.6979266,-0.7900347999999999
ES: Aragón,41.2845458,-0.5641223
ES: Aragón,42.3627224,-0.8911701999999999
ES: Aragón,40.74509219999999,-0.7574018
ES: Aragón,40.8966764,0.0723925
ES: Aragón,40.78907969999999,0.04795430000000001
ES: Aragón,41.73138,0.2978
ES: Aragón,40.2289683,-1.3008307
ES: Aragón,41.8537046,0.1137249
ES: Aragón,41.773076,0.1397291
ES: Aragón,41.7303603,-0.4846337
ES: Aragón,42.143617,0.1688827
ES: Aragón,40.42941,-0.5372899999999999
ES: Aragón,41.3372727,-0.4903452
ES: Aragón,41.29985,-0.27785
ES: Aragón,42.2479593,-0.9949190000000001
ES: Aragón,40.3171139,-0.8860060999999999
ES: Aragón,42.6583775,-0.83093
ES: Aragón,40.5458891,-1.304852
ES: Aragón,41.1511357,-0.2144618
ES: Aragón,40.9648914,-0.1662417
ES: Aragón,40.633035,-0.9531698999999999
ES: Aragón,40.1998013,-0.7037616999999999
ES: Aragón,41.160654,-1.5046256
ES: Aragón,41.5049116,0.0055777
ES: Aragón,41.6610683,-1.4134119
ES: Aragón,41.3273209,-1.985183
ES: Aragón,40.3615802,-0.8243408999999999
ES: Aragón,40.5242425,-1.0220807
ES: Aragón,41.0858368,-1.2635371
ES: Aragón,41.0485514,-0.7094060999999999
ES: Aragón,42.4104977,-1.3158122
ES: Aragón,40.6042278,-0.7726843000000001
ES: Aragón,42.5337285,0.5061496
ES: Aragón,42.2032442,-1.3638498
ES: Aragón,40.9078023,-1.1160724
ES: Aragón,41.0666501,-0.0666138
ES: Aragón,40.5449956,-0.8731221
ES: Aragón,42.1329387,0.4870675
ES: Aragón,40.410727,-0.4163728
ES: Aragón,41.1842271,-1.6250853
ES: Aragón,41.9956849,-1.1921975
ES: Aragón,42.3549931,-0.9555729
ES: Aragón,42.78181,-0.2238
ES: Aragón,41.202421,-1.7390048
ES: Aragón,41.5333314,-1.6287571
ES: Aragón,40.48398640000001,-1.1163391
ES: Aragón,42.3981836,0.5776878999999999
ES: Aragón,40.318656,-1.5063658
ES: Aragón,42.4896575,-0.4558687
ES: Aragón,42.4246895,0.4628875
ES: Aragón,41.3944453,-1.1356615
ES: Aragón,41.2043494,-0.7596501
ES: Aragón,41.2436708,-0.8087251999999999
ES: Aragón,42.5862192,-1.1074499
ES: Aragón,41.4659963,0.1599871
ES: Aragón,42.1144409,0.6381091
ES: Aragón,42.1290024,-0.342518
ES: Aragón,40.8812244,-0.6031441
ES: Aragón,41.8049702,-1.1853089
ES: Aragón,41.74946,-0.14017
ES: Aragón,40.3540025,-0.7623825999999999
ES: Aragón,42.3903156,0.5388208999999999
ES: Aragón,40.8487161,-0.0705672
ES: Aragón,42.7617907,-0.6321224999999999
ES: Aragón,42.01003740000001,-0.9145196999999999
ES: Aragón,42.430208,0.1531221
ES: Aragón,40.2752352,-1.2646792
ES: Aragón,41.8333369,0.1939359
ES: Aragón,41.7114007,-1.3084814
ES: Aragón,40.2588109,-1.0319241
ES: Aragón,42.1909806,-1.0975709
PT: Viana do Castelo,41.8588318,-8.2396997
PT: Viana do Castelo,41.8588318,-8.2396997
PT: Viana do Castelo,41.9727226,-8.544448
PT: Viana do Castelo,41.9913847,-8.432195499999999
PT: Viana do Castelo,41.6978394,-8.8515338
PT: Viana do Castelo,42.0221078,-8.572141199999999
PT: Viana do Castelo,42.0477121,-8.5191279
PT: Viana do Castelo,42.0374107,-8.4786646
DZ: Aïn-Defla,36.0879679,1.8199703
DZ: Aïn-Defla,36.0879679,1.8199703
DZ: Aïn-Defla,36.1132135,2.5419327
DZ: Aïn-Defla,36.1575299,2.0472192
DZ: Aïn-Defla,36.0820212,2.651582
PT: Bragança,41.9687331,-6.7819477
PT: Bragança,41.9687331,-6.7819477
PT: Bragança,41.5795185,-6.9040927
PT: Bragança,41.5495888,-6.290099400000001
PT: Bragança,41.4440178,-6.7692595
PT: Bragança,41.5480344,-6.5875501
PT: Bragança,41.4981214,-7.1472354
PT: Bragança,41.4421682,-6.5044529
PT: Bragança,41.9310146,-6.5670767
PT: Bragança,41.5214623,-6.5563104
PT: Bragança,41.6130912,-7.0151642
PT: Bragança,41.5084132,-6.5521976
PT: Bragança,41.5625396,-6.6586531
PT: Bragança,41.2189341,-6.8967006
PT: Bragança,41.1820326,-6.7736928
PT: Bragança,41.8691581,-6.729320200000001
PT: Bragança,41.28681539999999,-7.0791871
DZ: Medea,36.247811,2.8421559
DZ: Medea,36.247811,2.8421559
